column,label,code
hufinal,FULLY COMPLETE CATI INTERVIEW,1
hufinal,PARTIALLY COMPLETED CATI INTERVIEW,2
hufinal,COMPLETE BUT PERSONAL VISIT REQUESTED NEXT MONTH,3
hufinal,"PARTIAL ,  NOT COMPLETE AT CLOSEOUT",4
hufinal,"LABOR FORCE COMPLETE ,  SUPPLEMENT INCOMPLETE  -  CATI",5
hufinal,"LF COMPLETE ,  SUPPLEMENT DK ITEMS INCOMPLETE AT CLOSEOUT  ASEC ONLY",6
hufinal,HH OCCUPIED ENTIRELY BY ARMED FORCES MEMBERS OR ALL UNDER 15 YEARS OF AGE,20
hufinal,CAPI COMPLETE,201
hufinal,CALLBACK NEEDED,202
hufinal,SUFFICIENT PARTIAL  -  PRECLOSEOUT,203
hufinal,SUFFICIENT PARTIAL  -  AT CLOSEOUT,204
hufinal,"LABOR FORCE COMPLETE , -  SUPPL .  INCOMPLETE  -  CAPI",205
hufinal,LANGUAGE BARRIER,213
hufinal,UNABLE TO LOCATE,214
hufinal,NO ONE HOME,216
hufinal,TEMPORARILY ABSENT,217
hufinal,REFUSED,218
hufinal,OTHER OCCUPIED  -  SPECIFY,219
hufinal,ENTIRE HOUSEHOLD ARMED FORCES,223
hufinal,ENTIRE HOUSEHOLD UNDER 15,224
hufinal,TEMP .  OCCUPIED W / PERSONS WITH URE,225
hufinal,VACANT REGULAR,226
hufinal,VACANT  -  STORAGE OF HHLD FURNITURE,227
hufinal,"UNFIT ,  TO BE DEMOLISHED",228
hufinal,"UNDER CONSTRUCTION ,  NOT READY",229
hufinal,CONVERTED TO TEMP BUSINESS OR STORAGE,230
hufinal,UNOCCUPIED TENT OR TRAILER SITE,231
hufinal,PERMIT GRANTED  -  CONSTRUCTION NOT STARTED,232
hufinal,OTHER  -  SPECIFY,233
hufinal,DEMOLISHED,240
hufinal,HOUSE OR TRAILER MOVED,241
hufinal,OUTSIDE SEGMENT,242
hufinal,CONVERTED TO PERM .  BUSINESS OR STORAGE,243
hufinal,MERGED,244
hufinal,CONDEMNED,245
hufinal,UNUSED SERIAL NUMBER OR LISTING SHEET,247
hufinal,OTHER  -  SPECIFY,248
hufinal,UNLOCATABLE SAMPLE ADDRESS,258
hufinal,UNIT DOES NOT EXIST / OUT OF SCOPE,259
hufinal,REMOVED DURING SUB - SAMPLING,256
hufinal,UNIT ALREADY HAD A CHANCE OF SELECTION FILLER 2 27  -  28,257
hetenure,OWNED OR BEING BOUGHT BY A HH MEMBER,1
hetenure,RENTED FOR CASH,2
hetenure,OCCUPIED WITHOUT PAYMENT OF CASH RENT NOTE :  May be missing on the Basic CPS microdata files . This will be updated on later releases of the same month  s data .,3
hehousut,OTHER UNIT,0
hehousut,"HOUSE ,  APARTMENT ,  FLAT",1
hehousut,"HU IN NONTRANSIENT HOTEL ,  MOTEL ,  ETC .",2
hehousut,"HU PERMANENT IN TRANSIENT HOTEL ,  MOTEL",3
hehousut,HU IN ROOMING HOUSE,4
hehousut,MOBILE HOME OR TRAILER W / NO PERM .  ROOM ADDED,5
hehousut,MOBILE HOME OR TRAILER W / 1 OR MORE PERM .  ROOMS ADDED,6
hehousut,HU NOT SPECIFIED ABOVE,7
hehousut,QUARTERS NOT HU IN ROOMING OR BRDING HS,8
hehousut,"UNIT NOT PERM .  IN TRANSIENT HOTL ,  MOTL",9
hehousut,UNOCCUPIED TENT SITE OR TRLR SITE,10
hehousut,STUDENT QUARTERS IN COLLEGE DORM,11
hehousut,OTHER UNIT NOT SPECIFIED ABOVE,12
hetelhhd,YES,1
hetelhhd,NO,2
hetelavl,YES,1
hetelavl,NO,2
hephoneo,NO,0
hephoneo,YES,1
hefaminc,"LESS THAN  $ 5 , 000",1
hefaminc,"5 , 000 TO 7 , 499",2
hefaminc,"7 , 500 TO 9 , 999",3
hefaminc,"10 , 000 TO 12 , 499",4
hefaminc,"12 , 500 TO 14 , 999",5
hefaminc,"15 , 000 TO 19 , 999",6
hefaminc,"20 , 000 TO 24 , 999",7
hefaminc,"25 , 000 TO 29 , 999",8
hefaminc,"30 , 000 TO 34 , 999",9
hefaminc,"35 , 000 TO 39 , 999",10
hefaminc,"40 , 000 TO 49 , 999",11
hefaminc,"50 , 000 TO 59 , 999",12
hefaminc,"60 , 000 TO 74 , 999",13
hefaminc,"75 , 000 TO 99 , 999",14
hefaminc,"100 , 000 TO 149 , 999",15
hefaminc,"150 , 000 OR MORE",16
hutypea,NO ONE HOME  ( NOH ),1
hutypea,TEMPORARILY ABSENT  ( TA ),2
hutypea,REFUSED  ( REF ),3
hutypea,LANGUAGE BARRIER,4
hutypea,UNABLE TO LOCATE,5
hutypea,OTHER OCCUPIED  -  SPECIFY,6
hutypb,VACANT REGULAR,1
hutypb,TEMPORARILY OCCUPIED BY PERSONS W /  URE,2
hutypb,VACANT - STORAGE OF HHLD FURNITURE,3
hutypb,UNFIT OR TO BE DEMOLISHED,4
hutypb,"UNDER CONSTRUCTION ,  NOT READY",5
hutypb,CONVERTED TO TEMP BUSINESS OR STORAGE,6
hutypb,UNOCCUPIED TENT SITE OR TRAILER SITE,7
hutypb,PERMIT GRANTED CONSTRUCTION NOT STARTED,8
hutypb,OTHER TYPE B  -  SPECIFY,9
hutypc,DEMOLISHED,1
hutypc,HOUSE OR TRAILER MOVED,2
hutypc,OUTSIDE SEGMENT,3
hutypc,CONVERTED TO PERM .  BUSINESS OR STORAGE,4
hutypc,MERGED,5
hutypc,CONDEMNED,6
hutypc,UNUSED LINE OF LISTING SHEET,7
hutypc,UNLOCATABLE SAMPLE ADDRESS,8
hutypc,UNIT DOES NOT EXIST / OUT OF SCOPE,9
hutypc,OTHER  -  SPECIFY,10
hrintsta,INTERVIEW,1
hrintsta,TYPE A NON - INTERVIEW,2
hrintsta,TYPE B NON - INTERVIEW,3
hrintsta,TYPE C NON - INTERVIEW,4
hrhtype,NON - INTERVIEW HOUSEHOLD,0
hrhtype,HUSBAND / WIFE PRIMARY FAMILY  ( NEITHER AF ),1
hrhtype,HUSB / WIFE PRIM .  FAMILY  ( EITHER / BOTH AF ),2
hrhtype,UNMARRIED CIVILIAN MALE - PRIM .  FAM HHLDER,3
hrhtype,UNMARRIED CIV .  FEMALE - PRIM FAM HHLDER,4
hrhtype,"PRIMARY FAMILY HHLDER - RP IN AF ,  UNMAR .",5
hrhtype,CIVILIAN MALE PRIMARY INDIVIDUAL,6
hrhtype,CIVILIAN FEMALE PRIMARY INDIVIDUAL,7
hrhtype,PRIMARY INDIVIDUAL HHLD - RP IN AF,8
hrhtype,GROUP QUARTERS WITH FAMILY,9
hrhtype,GROUP QUARTERS WITHOUT FAMILY,10
huinttyp,NONINTERVIEW / INDETERMINATE,0
huinttyp,PERSONAL,1
huinttyp,TELEPHONE,2
huprscnt,MAX VALUE HRLONGLK 2 LONGITUDINAL LINK INDICATOR 69  -  70,9
huprscnt,MIS 1 OR REPLACEMENT HH  ( NO LINK ),0
huprscnt,MIS 2 - 4 OR MIS 6 - 8,2
huprscnt,MIS 5,3
hrhhid2,Household Number  ( HUHHNUM ),75
hwhhwtln,MAX VALUE FILLER 1 78  -  78,16
hubus,YES,1
hubus,NO,2
hubusl4,MAX VALUE A2 .  GEOGRAPHIC INFORMATION,99
gereg,NORTHEAST,1
gereg,MIDWEST  ( FORMERLY NORTH CENTRAL ),2
gereg,SOUTH,3
gereg,WEST,4
gediv,NEW ENGLAND,1
gediv,MIDDLE ATLANTIC,2
gediv,EAST NORTH CENTRAL,3
gediv,WEST NORTH CENTRAL,4
gediv,SOUTH ATLANTIC,5
gediv,EAST SOUTH CENTRAL,6
gediv,WEST SOUTH CENTRAL 8 MOUNTAIN 9 PACIFIC FILLER 1 92    92,7
gestfips,AL 30 MT,1
gestfips,AK 31 NE,2
gestfips,AZ 32 NV,4
gestfips,AR 33 NH,5
gestfips,CA 34 NJ,6
gestfips,CO 35 NM,8
gestfips,CT 36 NY,9
gestfips,DE 37 NC,10
gestfips,DC 38 ND,11
gestfips,FL 39 OH,12
gestfips,GA 40 OK,13
gestfips,HI 41 OR,15
gestfips,ID 42 PA,16
gestfips,IL 44 RI,17
gestfips,IN 45 SC,18
gestfips,IA 46 SD,19
gestfips,KS 47 TN,20
gestfips,KY 48 TX,21
gestfips,LA 49 UT,22
gestfips,ME 50 VT,23
gestfips,MD 51 VA,24
gestfips,MA 53 WA,25
gestfips,MI 54 WV,26
gestfips,MN 55 WI,27
gestfips,MS 56 WY,28
gestfips,MO FILLER 1 95  -  95,29
gtcbsa,NOT IDENTIFIED OR NONMETROPOLITAN,0
gtco,"NOT IDENTIFIED 001 - 810 SPECIFIC COUNTY CODE  ( SEE GEOGRAPHIC ATTACHMENT ) NOTE :   THIS CODE MUST BE USED IN COMBINATION WITH A STATE CODE  ( GESTFIPS or GESTCEN )  IN ORDER TO UNIQUELY IDENTIFY A COUNTY .  ALSO ,  MOST COUNTIES ARE NOT IDENTIFIED .",0
gtcbsast,PRINCIPAL CITY,1
gtcbsast,BALANCE,2
gtcbsast,NONMETROPOLITAN,3
gtcbsast,NOT IDENTIFIED,4
gtmetsta,METROPOLITAN,1
gtmetsta,NONMETROPOLITAN,2
gtmetsta,NOT IDENTIFIED,3
gtindvpc,"NOT IDENTIFIED ,  NONMETROPOLITAN ,  or NOT A CENTRAL CITY 1 - 7 SPECIFIC PRINCIPAL CITY CODE  ( SEE GEOGRAPHIC ATTACHMENT  ) NOTE :   WHENEVER POSSIBLE THIS CODE IDENTIFIES SPECIFIC PRINCIPAL CITIES IN A METROPOLITAN AREA THAT HAS MULTIPLE PRINCIPAL CITIES .   THIS CODE MUST BE USED IN COMBINATION WITH THE CBSA FIPS CODE  ( GTCBSA )  IN ORDER TO UNIQUELY IDENTIFY A SPECIFIC CITY .",0
gtcbsasz,NOT IDENTIFIED OR NONMETROPOLITAN,0
gtcbsasz,"100 , 000  -  249 , 999",2
gtcbsasz,"250 , 000  -  499 , 999",3
gtcbsasz,"500 , 000  -  999 , 999",4
gtcbsasz,"1 , 000 , 000  -  2 , 499 , 999",5
gtcbsasz,"2 , 500 , 000  -  4 , 999 , 999",6
gtcbsasz,"5 , 000 , 000 +",7
gtcsa,NOT IDENTIFIED OR NONMETROPOLITAN,0
gtcsa,MAX VALUE FILLER 3 111  -  113 A3 .   PERSONS INFORMATION DEMOGRAPHIC ITEMS FILLER 2 Starting January 2014 114  -  117,548
perrp,REFERENCE PERSON W / RELS .,40
perrp,REFERENCE PERSON W / O RELS .,41
perrp,OPPOSITE SEX SPOUSE,42
perrp,OPPOSITE SEX PARTNER WITH RELATIVES,43
perrp,OPPOSITE SEC PARTNER WITHOUT RELATIVES,44
perrp,SAME SEX SPOUSE,45
perrp,SAME SEX PARTNER WITH RELATIVES,46
perrp,SAME SEX PARTNER WITHOUT RELATIVES,47
perrp,CHILD,48
perrp,GRANDCHILD,49
perrp,PARENT,50
perrp,BROTHER / SISTER,51
perrp,OTHER REL .  OR REF .  PERSON,52
perrp,FOSTER CHILD,53
perrp,HOUSEMATE / ROOMMATE W / RELS .,54
perrp,HOUSEMATE / ROOMMATEW / O RELS .,55
perrp,ROOMER / BOARDER W / RELS .,56
perrp,ROOMER / BOARDER W / OUT RELS .,57
perrp,NONRELATIVE OF REFERENCE PERSON W / RELS .,58
perrp,NONRELATIVE OF REFERENCE PERSON W / OUT RELS . FILLER 2 120  -  121,59
prtage,80 - 84 Years Old 85 85 +  Years Old,80
prtfage,NO TOP CODE,0
prtfage,TOP CODED VALUE FOR AGE,1
pemaritl,MARRIED  -  SPOUSE PRESENT,1
pemaritl,MARRIED  -  SPOUSE ABSENT,2
pemaritl,WIDOWED,3
pemaritl,DIVORCED,4
pemaritl,SEPARATED,5
pemaritl,NEVER MARRIED,6
pesex,MALE,1
pesex,FEMALE,2
peafever,YES,1
peafever,NO FILLER 2 Starting August 2005 133  -  134,2
peafnow,YES,1
peafnow,NO,2
peeduca,LESS THAN 1ST GRADE,31
peeduca,"1ST ,  2ND ,  3RD OR 4TH GRADE",32
peeduca,5TH OR 6TH GRADE,33
peeduca,7TH OR 8TH GRADE,34
peeduca,9TH GRADE,35
peeduca,10TH GRADE,36
peeduca,11TH GRADE,37
peeduca,12TH GRADE NO DIPLOMA,38
peeduca,HIGH SCHOOL GRAD - DIPLOMA OR EQUIV  ( GED ),39
peeduca,SOME COLLEGE BUT NO DEGREE,40
peeduca,ASSOCIATE DEGREE - OCCUPATIONAL / VOCATIONAL,41
peeduca,ASSOCIATE DEGREE - ACADEMIC PROGRAM,42
peeduca,"BACHELOR ' S DEGREE  ( EX :  BA ,  AB ,  BS )",43
peeduca,"MASTER ' S DEGREE  ( EX :  MA ,  MS ,  MEng ,  MEd ,  MSW )",44
peeduca,"PROFESSIONAL SCHOOL DEG  ( EX :  MD ,  DDS ,  DVM )",45
peeduca,"DOCTORATE DEGREE  ( EX :  PhD ,  EdD )",46
ptdtrace,White Only,1
ptdtrace,Black Only,2
ptdtrace,"American Indian ,  Alaskan Native Only",3
ptdtrace,Asian Only,4
ptdtrace,Hawaiian / Pacific Islander Only,5
ptdtrace,White - Black,6
ptdtrace,White - AI,7
ptdtrace,White - Asian,8
ptdtrace,White - HP,9
ptdtrace,Black - AI,10
ptdtrace,Black - Asian,11
ptdtrace,Black - HP,12
ptdtrace,AI - Asian,13
ptdtrace,AI - HP,14
ptdtrace,Asian - HP,15
ptdtrace,W - B - AI,16
ptdtrace,W - B - A,17
ptdtrace,W - B - HP,18
ptdtrace,W - AI - A,19
ptdtrace,W - AI - HP,20
ptdtrace,W - A - HP,21
ptdtrace,B - AI - A,22
ptdtrace,W - B - AI - A,23
ptdtrace,W - AI - A - HP,24
ptdtrace,Other 3 Race Combinations,25
ptdtrace,Other 4 and 5 Race Combinations,26
prdthsp,.   Mexican,1
prdthsp,.   Puerto Rican,2
prdthsp,.   Cuban,3
prdthsp,.   Dominican,4
prdthsp,.   Salvadoran,5
prdthsp,".   Central American ,  excluding Salvadoran",6
prdthsp,.   South American,7
prdthsp,.   Other Spanish,8
puchinhh,PERSON ADDED,1
puchinhh,PERSON ADDED  -  URE,2
puchinhh,PERSON UNDELETED,3
puchinhh,PERSON DIED,4
puchinhh,DELETED FOR REASON OTHER THAN DEATH,5
puchinhh,PERSON JOINED ARMED FORCES,6
puchinhh,PERSON NO LONGER IN AF,7
puchinhh,CHANGE IN DEMOGRAPHIC INFORMATION FILLER 2 145  -  146,9
pulineno,MAX VALUE FILLER 2 149  -  150,99
prfamnum,NOT A FAMILY MEMBER,0
prfamnum,PRIMARY FAMILY MEMBER ONLY,1
prfamnum,SUBFAMILY NO .  2 MEMBER,2
prfamnum,SUBFAMILY NO .  3 MEMBER,3
prfamnum,SUBFAMILY NO .  4 MEMBER,4
prfamnum,SUBFAMILY NO .  5 MEMBER,5
prfamnum,SUBFAMILY NO .  6 MEMBER,6
prfamnum,SUBFAMILY NO .  7 MEMBER,7
prfamnum,SUBFAMILY NO .  8 MEMBER,8
prfamnum,SUBFAMILY NO .  9 MEMBER,9
prfamnum,SUBFAMILY NO .  10 MEMBER,10
prfamnum,SUBFAMILY NO .  11 MEMBER,11
prfamnum,SUBFAMILY NO .  12 MEMBER,12
prfamnum,SUBFAMILY NO .  13 MEMBER,13
prfamnum,SUBFAMILY NO .  14 MEMBER,14
prfamnum,SUBFAMILY NO .  15 MEMBER,15
prfamnum,SUBFAMILY NO .  16 MEMBER,16
prfamnum,SUBFAMILY NO .  17 MEMBER,17
prfamnum,SUBFAMILY NO .  18 MEMBER,18
prfamnum,SUBFAMILY NO .  19 MEMBER,19
prfamrel,NOT A FAMILY MEMBER,0
prfamrel,REFERENCE PERSON,1
prfamrel,SPOUSE,2
prfamrel,CHILD,3
prfamrel,OTHER RELATIVE  ( PRIMARY FAMILY  &  UNREL ),4
prfamtyp,PRIMARY FAMILY,1
prfamtyp,PRIMARY INDIVIDUAL,2
prfamtyp,RELATED SUBFAMILY,3
prfamtyp,UNRELATED SUBFAMILY,4
prfamtyp,SECONDARY INDIVIDUAL,5
pehspnon,HISPANIC,1
pehspnon,NON - HISPANIC,2
prmarsta,"MARRIED ,  CIVILIAN SPOUSE PRESENT",1
prmarsta,"MARRIED ,  ARMED FORCES SPOUSE PRESENT",2
prmarsta,"MARRIED ,  SPOUSE ABSENT  ( EXC .  SEPARATED )",3
prmarsta,WIDOWED,4
prmarsta,DIVORCED,5
prmarsta,SEPARATED,6
prmarsta,NEVER MARRIED,7
prpertyp,CHILD HOUSEHOLD MEMBER,1
prpertyp,ADULT CIVILIAN HOUSEHOLD MEMBER,2
prpertyp,ADULT ARMED FORCES HOUSEHOLD MEMBER,3
penatvty,UNITED STATES,57
penatvty,AM SAMOA,60
penatvty,GUAM,66
penatvty,PUERTO RICO,73
penatvty,U .  S .  VIRGIN ISLANDS,78
penatvty,OTHER U .  S .  ISLAND AREA 100 - 554 FOREIGN COUNTRY  ( SEE APPENDIX ),96
penatvty,ELSEWHERE,555
pemntvty,UNITED STATES,57
pemntvty,AM SAMOA,60
pemntvty,GUAM,66
pemntvty,PUERTO RICO,73
pemntvty,U .  S .  VIRGIN ISLANDS,78
pemntvty,OTHER U .  S .  ISLAND AREA 100 - 554 FOREIGN COUNTRY  ( SEE APPENDIX ),96
pemntvty,ELSEWHERE,555
pefntvty,UNITED STATES,57
pefntvty,AM SAMOA,60
pefntvty,GUAM,66
pefntvty,PUERTO RICO,73
pefntvty,U .  S .  VIRGIN ISLANDS,78
pefntvty,OTHER U .  S .  ISLAND AREA 100 - 554 FOREIGN COUNTRY  ( SEE APPENDIX ),96
pefntvty,ELSEWHERE,555
prcitshp,"NATIVE ,  BORN IN THE UNITED STATES",1
prcitshp,"NATIVE ,  BORN IN PUERTO RICO OR OTHER U . S .  ISLAND AREAS",2
prcitshp,"NATIVE ,  BORN ABROAD OF AMERICAN PARENT OR PARENTS",3
prcitshp,"FOREIGN BORN ,  U . S .  CITIZEN BY NATURALIZATION",4
prcitshp,"FOREIGN BORN ,  NOT A CITIZEN OF THE UNITED STATES",5
prinusyr,NOT FOREIGN BORN,0
prinusyr,BEFORE 1950,1
prinusyr,1950 - 1959,2
prinusyr,1960 - 1964,3
prinusyr,1965 - 1969,4
prinusyr,1970 - 1974,5
prinusyr,1975 - 1979,6
prinusyr,1980 - 1981,7
prinusyr,1982 - 1983,8
prinusyr,1984 - 1985,9
prinusyr,1986 - 1987,10
prinusyr,1988 - 1989,11
prinusyr,1990 - 1991,12
prinusyr,1992 - 1993,13
prinusyr,1994 - 1995,14
prinusyr,1996 - 1997,15
prinusyr,1998 - 1999,16
prinusyr,2000 - 2001,17
prinusyr,2002 - 2003,18
prinusyr,2004 - 2005,19
prinusyr,2006 - 2007,20
prinusyr,2008 - 2009,21
prinusyr,2010 - 2011,22
prinusyr,2012 - 2013,23
prinusyr,2014 - 2015,24
prinusyr,2016 - 2017,25
prinusyr,2018 - 2019,26
prinusyr,2020 - 2022 A4 .   PERSONS INFORMATION LABOR FORCE ITEMS,27
puslfprx,SELF,1
puslfprx,PROXY,2
puslfprx,BOTH SELF AND PROXY,3
pemlr,EMPLOYED - AT WORK,1
pemlr,EMPLOYED - ABSENT,2
pemlr,UNEMPLOYED - ON LAYOFF,3
pemlr,UNEMPLOYED - LOOKING,4
pemlr,NOT IN LABOR FORCE - RETIRED,5
pemlr,NOT IN LABOR FORCE - DISABLED,6
pemlr,NOT IN LABOR FORCE - OTHER,7
puwk,YES,1
puwk,NO,2
puwk,RETIRED,3
puwk,DISABLED,4
puwk,UNABLE TO WORK,5
pubus1,YES,1
pubus1,NO,2
pubus2ot,YES,1
pubus2ot,NO,2
pubusck1,GOTO PUBUS1,1
pubusck1,GOTO PURETCK1,2
pubusck2,GOTO PUHRUSL1,1
pubusck2,GOTO PUBUS2,2
pubusck3,GOTO PUABSRSN,1
pubusck3,GOTO PULAY,2
pubusck4,GOTO PUHRUSL1,1
pubusck4,GOTO PUABSPD,2
puretot,YES,1
puretot,NO,2
puretot,WAS NOT RETIRED LAST MONTH,3
pudis,YES,1
pudis,NO,2
pudis,DID NOT HAVE DISABILITY LAST MONTH,3
peret1,YES,1
peret1,NO,2
peret1,HAS A JOB,3
pudis1,YES,1
pudis1,NO,2
pudis2,YES,1
pudis2,NO,2
puabsot,YES,1
puabsot,NO,2
puabsot,RETIRED,3
puabsot,DISABLED,4
puabsot,UNABLE TO WORK,5
pulay,YES,1
pulay,NO,2
pulay,RETIRED,3
pulay,DISABLED,4
pulay,UNABLE TO WORK,5
peabsrsn,ON LAYOFF,1
peabsrsn,SLACK WORK / BUSINESS CONDITIONS,2
peabsrsn,WAITING FOR A NEW JOB TO BEGIN,3
peabsrsn,VACATION / PERSONAL DAYS,4
peabsrsn,OWN ILLNESS / INJURY / MEDICAL PROBLEMS,5
peabsrsn,CHILD CARE PROBLEMS,6
peabsrsn,OTHER FAMILY / PERSONAL OBLIGATION,7
peabsrsn,MATERNITY / PATERNITY LEAVE,8
peabsrsn,LABOR DISPUTE,9
peabsrsn,WEATHER AFFECTED JOB,10
peabsrsn,SCHOOL / TRAINING,11
peabsrsn,CIVIC / MILITARY DUTY,12
peabsrsn,DOES NOT WORK IN THE BUSINESS,13
peabsrsn,OTHER  ( SPECIFY ),14
peabspdo,YES,1
peabspdo,NO,2
pemjot,YES,1
pemjot,NO,2
pehrftpt,YES,1
pehrftpt,NO,2
pehrftpt,HOURS VARY,3
pehrwant,YES,1
pehrwant,NO,2
pehrwant,REGULAR HOURS ARE FULL - TIME,3
pehrrsn1,SLACK WORK / BUSINESS CONDITIONS,1
pehrrsn1,COULD ONLY FIND PART - TIME WORK,2
pehrrsn1,SEASONAL WORK,3
pehrrsn1,CHILD CARE PROBLEMS,4
pehrrsn1,OTHER FAMILY / PERSONAL OBLIGATIONS,5
pehrrsn1,HEALTH / MEDICAL LIMITATIONS,6
pehrrsn1,SCHOOL / TRAINING,7
pehrrsn1,RETIRED / SOCIAL SECURITY LIMIT ON EARNINGS,8
pehrrsn1,FULL - TIME WORKWEEK IS LESS THAN 35 HRS,9
pehrrsn1,OTHER  -  SPECIFY,10
pehrrsn2,CHILD CARE PROBLEMS,1
pehrrsn2,OTHER FAMILY / PERSONAL OBLIGATIONS,2
pehrrsn2,HEALTH / MEDICAL LIMITATIONS,3
pehrrsn2,SCHOOL / TRAINING,4
pehrrsn2,RETIRED / SOCIAL SECURITY LIMIT ON EARNINGS,5
pehrrsn2,FULL - TIME WORKWEEK LESS THAN 35 HOURS,6
pehrrsn2,OTHER  -  SPECIFY,7
pehrrsn3,SLACK WORK / BUSINESS CONDITIONS,1
pehrrsn3,SEASONAL WORK,2
pehrrsn3,JOB STARTED OR ENDED DURING WEEK,3
pehrrsn3,VACATION / PERSONAL DAY,4
pehrrsn3,OWN ILLNESS / INJURY / MEDICAL APPOINTMENT,5
pehrrsn3,HOLIDAY  ( LEGAL OR RELIGIOUS ),6
pehrrsn3,CHILD CARE PROBLEMS,7
pehrrsn3,OTHER FAMILY / PERSONAL OBLIGATIONS,8
pehrrsn3,LABOR DISPUTE,9
pehrrsn3,WEATHER AFFECTED JOB,10
pehrrsn3,SCHOOL / TRAINING,11
pehrrsn3,CIVIC / MILITARY DUTY,12
pehrrsn3,OTHER REASON,13
puhroff1,YES,1
puhroff1,NO,2
puhrot1,YES,1
puhrot1,NO,2
pehravl,YES,1
pehravl,NO FILLER 5 252  -  256,2
puhrck1,GOTO PUHRUSL2,1
puhrck1,GOTO PUHRUSLT,2
puhrck2,"IF ENTRY OF 1 IN MJ AND ENTRY OF D ,  R OR V IN HRUSL1 AND ENTRY OF D ,  R ,  V OR 0 - 34 IN HRUSL2 GOTO HRFTPT",1
puhrck2,"IF ENTRY OF 1 IN MJ AND ENTRY OF D ,  R OR V IN HRUSL2 AND ENTRY OF D ,  R V OR 0 - 34 IN HRUSL1 GOTO HRFTPT",2
puhrck2,"IF ENTRY OF 2 ,  D OR R IN MJ AND ENTRY OF D ,  R OR V IN HRUSL1 GOTO HRFTPT",3
puhrck2,"IF ENTRY OF 1 IN BUS1 AND ENTRY OF D ,  R OR V IN HRUSL1 THEN GOTO HRFTPT",4
puhrck2,ALL OTHERS GOTO HRCK3 - C,5
puhrck3,IF ENTRY OF 1 IN ABSOT OR  ( ENTRY OR 2 IN ABSOT AND ENTRY OF 1 IN BUS AND CURRENT R_P EQUALS BUSLST )  THEN GOTO HRCK8,1
puhrck3,IF ENTRY OF 3 IN RET1 GOTO HRCK8,2
puhrck3,IF ENTRY IN HRUSLT IS 0 - 34 HOURS GOTO HRCK4 - C,3
puhrck3,IF ENTRY IN HRUSLT IS 35 +  GOTO HROFF1,4
puhrck3,ALL OTHERS GOTO HRCK4 - C,5
puhrck3,GOTO PUHRCK4,6
puhrck4,"IF ENTRY OF 1 ,  D ,  R OR V IN HRFTPT THEN GOTO HRACT1",1
puhrck4,"IF ENTRY OF 2 ,  D OR R IN BUS2 THEN GOTO HROFF1",2
puhrck4,IF HRUSLT IS 0 - 34 THEN GOTO HRWANT,3
puhrck4,IF ENTRY OF 2 IN HRFTPT THEN GOTO HRWANT,4
puhrck4,ALL OTHERS GOTO HRACT1,5
puhrck5,IF ENTRY OF 1 IN MJOT GOTO HRACT2,1
puhrck5,ALL OTHERS GOTO HRCK6 - C,2
puhrck6,"IF HRACT1 AND HRACT2 EQ 0 AND ENTRY OF 2 ,  D ,  R IN BUS2 THEN GOTO LK",1
puhrck6,IF HRACT1 AND HRACT2 EQ 0 THEN STORE 1 IN ABSOT AND GOTO ABSRSN,2
puhrck6,ALL OTHERS GOTO HRACTT - C,3
puhrck7,"IF ENTRY OF 1 IN HRWANT AND HRACTT  <  35 AND  ( ENTRY OF 1 ,  2 ,  3 IN HRRSN1 )  GOTO HRAVL",4
puhrck7,ALL OTHERS GOTO HRCK8,5
puhrck12,"IF ENTRY OF 2 ,  D OR R IN BUS2 AND HRACTT IS LESS THAN 15 OR D GOTO LK",1
puhrck12,ALL OTHERS GOTO IOCK1,2
pulaydt,YES,1
pulaydt,NO,2
pulay6m,YES,1
pulay6m,NO,2
pelayavl,YES,1
pelayavl,NO,2
pulayavr,OWN TEMPORARY ILLNESS,1
pulayavr,GOING TO SCHOOL,2
pulayavr,OTHER,3
pelaylk,YES,1
pelaylk,NO,2
pelayfto,YES,1
pelayfto,NO,2
pulayck1,GOTO PULAYCK3,1
pulayck1,GOTO PULAYFT,2
pulayck1,GOTO PULAYDR,3
pulayck2,GOTO PULAYDR3,1
pulayck2,GOTO PULAYFT,2
pulayck3,MISCK  =  5 GOTO IO1INT,1
pulayck3,"I - ICR  =  1 OR I - OCR  =  1 ,  GOTO IO1INT",2
pulayck3,ALL OTHERS GOTO SCHCK,3
pulk,YES,1
pulk,NO,2
pulk,RETIRED,3
pulk,DISABLED,4
pulk,UNABLE TO WORK,5
pelkm1,CONTACTED EMPLOYER DIRECTLY / INTERVIEW,1
pelkm1,CONTACTED PUBLIC EMPLOYMENT AGENCY,2
pelkm1,CONTACTED PRIVATE EMPLOYMENT AGENCY,3
pelkm1,CONTACTED FRIENDS OR RELATIVES,4
pelkm1,CONTACTED SCHOOL / UNIVERSITY EMPL CENTER,5
pelkm1,SENT OUT RESUMES / FILLED OUT APPLICATION,6
pelkm1,CHECKED UNION / PROFESSIONAL REGISTERS,7
pelkm1,PLACED OR ANSWERED ADS,8
pelkm1,OTHER ACTIVE,9
pelkm1,LOOKED AT ADS,10
pelkm1,ATTENDED JOB TRAINING PROGRAMS / COURSES,11
pelkm1,NOTHING,12
pelkm1,OTHER PASSIVE,13
pulkm2,CONTACTED EMPLOYER DIRECTLY / INTERVIEW,1
pulkm2,CONTACTED PUBLIC EMPLOYMENT AGENCY,2
pulkm2,CONTACTED PRIVATE EMPLOYMENT AGENCY,3
pulkm2,CONTACTED FRIENDS OR RELATIVES,4
pulkm2,CONTACTED SCHOOL / UNIVERSITY EMPL CENTER,5
pulkm2,SENT OUT RESUMES / FILLED OUT APPLICATION,6
pulkm2,CHECKED UNION / PROFESSIONAL REGISTERS,7
pulkm2,PLACED OR ANSWERED ADS,8
pulkm2,OTHER ACTIVE,9
pulkm2,LOOKED AT ADS,10
pulkm2,ATTENDED JOB TRAINING PROGRAMS / COURSES,11
pulkm2,OTHER PASSIVE,13
pulkm3,CONTACTED EMPLOYER DIRECTLY / INTERVIEW,1
pulkm3,CONTACTED PUBLIC EMPLOYMENT AGENCY,2
pulkm3,CONTACTED PRIVATE EMPLOYMENT AGENCY,3
pulkm3,CONTACTED FRIENDS OR RELATIVES,4
pulkm3,CONTACTED SCHOOL / UNIVERSITY EMPL CENTER,5
pulkm3,SENT OUT RESUMES / FILLED OUT APPLICATION,6
pulkm3,CHECKED UNION / PROFESSIONAL REGISTERS,7
pulkm3,PLACED OR ANSWERED ADS,8
pulkm3,OTHER ACTIVE,9
pulkm3,LOOKED AT ADS,10
pulkm3,ATTENDED JOB TRAINING PROGRAMS / COURSES,11
pulkm3,OTHER PASSIVE,13
pulkm4,CONTACTED EMPLOYER DIRECTLY / INTERVIEW,1
pulkm4,CONTACTED PUBLIC EMPLOYMENT AGENCY,2
pulkm4,CONTACTED PRIVATE EMPLOYMENT AGENCY,3
pulkm4,CONTACTED FRIENDS OR RELATIVES,4
pulkm4,CONTACTED SCHOOL / UNIVERSITY EMPL CENTER,5
pulkm4,SENT OUT RESUMES / FILLED OUT APPLICATION,6
pulkm4,CHECKED UNION / PROFESSIONAL REGISTERS,7
pulkm4,PLACED OR ANSWERED ADS,8
pulkm4,OTHER ACTIVE,9
pulkm4,LOOKED AT ADS,10
pulkm4,ATTENDED JOB TRAINING PROGRAMS / COURSES,11
pulkm4,OTHER PASSIVE,13
pulkm5,CONTACTED EMPLOYER DIRECTLY / INTERVIEW,1
pulkm5,CONTACTED PUBLIC EMPLOYMENT AGENCY,2
pulkm5,CONTACTED PRIVATE EMPLOYMENT AGENCY,3
pulkm5,CONTACTED FRIENDS OR RELATIVES,4
pulkm5,CONTACTED SCHOOL / UNIVERSITY EMPL CENTER,5
pulkm5,SENT OUT RESUMES / FILLED OUT APPLICATION,6
pulkm5,CHECKED UNION / PROFESSIONAL REGISTERS,7
pulkm5,PLACED OR ANSWERED ADS,8
pulkm5,OTHER ACTIVE,9
pulkm5,LOOKED AT ADS,10
pulkm5,ATTENDED JOB TRAINING PROGRAMS / COURSES,11
pulkm5,OTHER PASSIVE,13
pulkm6,CONTACTED EMPLOYER DIRECTLY / INTERVIEW,1
pulkm6,CONTACTED PUBLIC EMPLOYMENT AGENCY,2
pulkm6,CONTACTED PRIVATE EMPLOYMENT AGENCY,3
pulkm6,CONTACTED FRIENDS OR RELATIVES,4
pulkm6,CONTACTED SCHOOL / UNIVERSITY EMPL CENTER,5
pulkm6,SENT OUT RESUMES / FILLED OUT APPLICATION,6
pulkm6,CHECKED UNION / PROFESSIONAL REGISTERS,7
pulkm6,PLACED OR ANSWERED ADS,8
pulkm6,OTHER ACTIVE,9
pulkm6,LOOKED AT ADS,10
pulkm6,ATTENDED JOB TRAINING PROGRAMS / COURSES,11
pulkm6,OTHER PASSIVE,13
pulkdk1,CONTACTED EMPLOYER DIRECTLY / INTERVIEW,1
pulkdk1,CONTACTED PUBLIC EMPLOYMENT AGENCY,2
pulkdk1,CONTACTED PRIVATE EMPLOYMENT AGENCY,3
pulkdk1,CONTACTED FRIENDS OR RELATIVES,4
pulkdk1,CONTACTED SCHOOL / UNIVERSITY EMPL CENTER,5
pulkdk1,SENT OUT RESUMES / FILLED OUT APPLICATION,6
pulkdk1,CHECKED UNION / PROFESSIONAL REGISTERS,7
pulkdk1,PLACED OR ANSWERED ADS,8
pulkdk1,OTHER ACTIVE,9
pulkdk1,LOOKED AT ADS,10
pulkdk1,ATTENDED JOB TRAINING PROGRAMS / COURSES,11
pulkdk1,NOTHING,12
pulkdk1,OTHER PASSIVE,13
pulkdk3,CONTACTED EMPLOYER DIRECTLY / INTERVIEW,1
pulkdk3,CONTACTED PUBLIC EMPLOYMENT AGENCY,2
pulkdk3,CONTACTED PRIVATE EMPLOYMENT AGENCY,3
pulkdk3,CONTACTED FRIENDS OR RELATIVES,4
pulkdk3,CONTACTED SCHOOL / UNIVERSITY EMPL CENTER,5
pulkdk3,SENT OUT RESUMES / FILLED OUT APPLICATION,6
pulkdk3,CHECKED UNION / PROFESSIONAL REGISTERS,7
pulkdk3,PLACED OR ANSWERED ADS,8
pulkdk3,OTHER ACTIVE,9
pulkdk3,LOOKED AT ADS,10
pulkdk3,ATTENDED JOB TRAINING PROGRAMS / COURSES,11
pulkdk3,OTHER PASSIVE,13
pulkdk4,CONTACTED EMPLOYER DIRECTLY / INTERVIEW,1
pulkdk4,CONTACTED PUBLIC EMPLOYMENT AGENCY,2
pulkdk4,CONTACTED PRIVATE EMPLOYMENT AGENCY,3
pulkdk4,CONTACTED FRIENDS OR RELATIVES,4
pulkdk4,CONTACTED SCHOOL / UNIVERSITY EMPL CENTER,5
pulkdk4,SENT OUT RESUMES / FILLED OUT APPLICATION,6
pulkdk4,CHECKED UNION / PROFESSIONAL REGISTERS,7
pulkdk4,PLACED OR ANSWERED ADS,8
pulkdk4,OTHER ACTIVE,9
pulkdk4,LOOKED AT ADS,10
pulkdk4,ATTENDED JOB TRAINING PROGRAMS / COURSES,11
pulkdk4,OTHER PASSIVE,13
pulkdk5,CONTACTED EMPLOYER DIRECTLY / INTERVIEW,1
pulkdk5,CONTACTED PUBLIC EMPLOYMENT AGENCY,2
pulkdk5,CONTACTED PRIVATE EMPLOYMENT AGENCY,3
pulkdk5,CONTACTED FRIENDS OR RELATIVES,4
pulkdk5,CONTACTED SCHOOL / UNIVERSITY EMPL CENTER,5
pulkdk5,SENT OUT RESUMES / FILLED OUT APPLICATION,6
pulkdk5,CHECKED UNION / PROFESSIONAL REGISTERS,7
pulkdk5,PLACED OR ANSWERED ADS,8
pulkdk5,OTHER ACTIVE,9
pulkdk5,LOOKED AT ADS,10
pulkdk5,ATTENDED JOB TRAINING PROGRAMS / COURSES,11
pulkdk5,OTHER PASSIVE,13
pulkdk6,CONTACTED EMPLOYER DIRECTLY / INTERVIEW,1
pulkdk6,CONTACTED PUBLIC EMPLOYMENT AGENCY,2
pulkdk6,CONTACTED PRIVATE EMPLOYMENT AGENCY,3
pulkdk6,CONTACTED FRIENDS OR RELATIVES,4
pulkdk6,CONTACTED SCHOOL / UNIVERSITY EMPL CENTER,5
pulkdk6,SENT OUT RESUMES / FILLED OUT APPLICATION,6
pulkdk6,CHECKED UNION / PROFESSIONAL REGISTERS,7
pulkdk6,PLACED OR ANSWERED ADS,8
pulkdk6,OTHER ACTIVE,9
pulkdk6,LOOKED AT ADS,10
pulkdk6,ATTENDED JOB TRAINING PROGRAMS / COURSES,11
pulkdk6,OTHER PASSIVE,13
pulkps1,CONTACTED EMPLOYER DIRECTLY / INTERVIEW,1
pulkps1,CONTACTED PUBLIC EMPLOYMENT AGENCY,2
pulkps1,CONTACTED PRIVATE EMPLOYMENT AGENCY,3
pulkps1,CONTACTED FRIENDS OR RELATIVES,4
pulkps1,CONTACTED SCHOOL / UNIVERSITY EMPL CENTER,5
pulkps1,SENT OUT RESUMES / FILLED OUT APPLICATION,6
pulkps1,CHECKED UNION / PROFESSIONAL REGISTERS,7
pulkps1,PLACED OR ANSWERED ADS,8
pulkps1,OTHER ACTIVE,9
pulkps1,LOOKED AT ADS,10
pulkps1,ATTENDED JOB TRAINING PROGRAMS / COURSES,11
pulkps1,NOTHING,12
pulkps1,OTHER PASSIVE,13
pulkps2,CONTACTED EMPLOYER DIRECTLY / INTERVIEW,1
pulkps2,CONTACTED PUBLIC EMPLOYMENT AGENCY,2
pulkps2,CONTACTED PRIVATE EMPLOYMENT AGENCY,3
pulkps2,CONTACTED FRIENDS OR RELATIVES,4
pulkps2,CONTACTED SCHOOL / UNIVERSITY EMPL CENTER,5
pulkps2,SENT OUT RESUMES / FILLED OUT APPLICATION,6
pulkps2,CHECKED UNION / PROFESSIONAL REGISTERS,7
pulkps2,PLACED OR ANSWERED ADS,8
pulkps2,OTHER ACTIVE,9
pulkps2,LOOKED AT ADS,10
pulkps2,ATTENDED JOB TRAINING PROGRAMS / COURSES,11
pulkps2,OTHER PASSIVE,13
pulkps3,CONTACTED EMPLOYER DIRECTLY / INTERVIEW,1
pulkps3,CONTACTED PUBLIC EMPLOYMENT AGENCY,2
pulkps3,CONTACTED PRIVATE EMPLOYMENT AGENCY,3
pulkps3,CONTACTED FRIENDS OR RELATIVES,4
pulkps3,CONTACTED SCHOOL / UNIVERSITY EMPL CENTER,5
pulkps3,SENT OUT RESUMES / FILLED OUT APPLICATION,6
pulkps3,CHECKED UNION / PROFESSIONAL REGISTERS,7
pulkps3,PLACED OR ANSWERED ADS,8
pulkps3,OTHER ACTIVE,9
pulkps3,LOOKED AT ADS,10
pulkps3,ATTENDED JOB TRAINING PROGRAMS / COURSES,11
pulkps3,OTHER PASSIVE,13
pulkps4,CONTACTED EMPLOYER DIRECTLY / INTERVIEW,1
pulkps4,CONTACTED PUBLIC EMPLOYMENT AGENCY,2
pulkps4,CONTACTED PRIVATE EMPLOYMENT AGENCY,3
pulkps4,CONTACTED FRIENDS OR RELATIVES,4
pulkps4,CONTACTED SCHOOL / UNIVERSITY EMPL CENTER,5
pulkps4,SENT OUT RESUMES / FILLED OUT APPLICATION,6
pulkps4,CHECKED UNION / PROFESSIONAL REGISTERS,7
pulkps4,PLACED OR ANSWERED ADS,8
pulkps4,OTHER ACTIVE,9
pulkps4,LOOKED AT ADS,10
pulkps4,ATTENDED JOB TRAINING PROGRAMS / COURSES,11
pulkps4,OTHER PASSIVE,13
pulkps5,CONTACTED EMPLOYER DIRECTLY / INTERVIEW,1
pulkps5,CONTACTED PUBLIC EMPLOYMENT AGENCY,2
pulkps5,CONTACTED PRIVATE EMPLOYMENT AGENCY,3
pulkps5,CONTACTED FRIENDS OR RELATIVES,4
pulkps5,CONTACTED SCHOOL / UNIVERSITY EMPL CENTER,5
pulkps5,SENT OUT RESUMES / FILLED OUT APPLICATION,6
pulkps5,CHECKED UNION / PROFESSIONAL REGISTERS,7
pulkps5,PLACED OR ANSWERED ADS,8
pulkps5,OTHER ACTIVE,9
pulkps5,LOOKED AT ADS,10
pulkps5,ATTENDED JOB TRAINING PROGRAMS / COURSES,11
pulkps5,OTHER PASSIVE,13
pulkps6,CONTACTED EMPLOYER DIRECTLY / INTERVIEW,1
pulkps6,CONTACTED PUBLIC EMPLOYMENT AGENCY,2
pulkps6,CONTACTED PRIVATE EMPLOYMENT AGENCY,3
pulkps6,CONTACTED FRIENDS OR RELATIVES,4
pulkps6,CONTACTED SCHOOL / UNIVERSITY EMPL CENTER,5
pulkps6,SENT OUT RESUMES / FILLED OUT APPLICATION,6
pulkps6,CHECKED UNION / PROFESSIONAL REGISTERS,7
pulkps6,PLACED OR ANSWERED ADS,8
pulkps6,OTHER ACTIVE,9
pulkps6,LOOKED AT ADS,10
pulkps6,ATTENDED JOB TRAINING PROGRAMS / COURSES,11
pulkps6,OTHER PASSIVE,13
pelkavl,YES,1
pelkavl,NO,2
pulkavr,WAITING FOR NEW JOB TO BEGIN,1
pulkavr,OWN TEMPORARY ILLNESS,2
pulkavr,GOING TO SCHOOL,3
pulkavr,OTHER  -  SPECIFY,4
pelkll1o,WORKING,1
pelkll1o,SCHOOL,2
pelkll1o,LEFT MILITARY SERVICE,3
pelkll1o,SOMETHING ELSE,4
pelkll2o,LOST JOB,1
pelkll2o,QUIT JOB,2
pelkll2o,TEMPORARY JOB ENDED,3
pelklwo,WITHIN THE LAST 12 MONTHS,1
pelklwo,MORE THAN 12 MONTHS AGO,2
pelklwo,NEVER WORKED,3
pelkfto,YES,1
pelkfto,NO,2
pelkfto,DOESN ' T MATTER,3
pedwwnto,"YES ,  OR MAYBE ,  IT DEPENDS",1
pedwwnto,NO,2
pedwwnto,RETIRED,3
pedwwnto,DISABLED,4
pedwwnto,UNABLE,5
pedwrsn,BELIEVES NO WORK AVAILABLE IN AREA OF EXPERTISE,1
pedwrsn,COULDN ' T FIND ANY WORK,2
pedwrsn,LACKS NECESSARY SCHOOLING / TRAINING,3
pedwrsn,EMPLOYERS THINK TOO YOUNG OR TOO OLD,4
pedwrsn,OTHER TYPES OF DISCRIMINATION,5
pedwrsn,CAN ' T ARRANGE CHILD CARE,6
pedwrsn,FAMILY RESPONSIBILITIES,7
pedwrsn,IN SCHOOL OR OTHER TRAINING,8
pedwrsn,"ILL - HEALTH ,  PHYSICAL DISABILITY",9
pedwrsn,TRANSPORTATION PROBLEMS,10
pedwrsn,OTHER  -  SPECIFY,11
pedwlko,YES,1
pedwlko,NO,2
pedwwk,YES,1
pedwwk,NO,2
pedw4wk,YES,1
pedw4wk,NO,2
pedwlkwk,YES,1
pedwlkwk,NO,2
pedwavl,YES,1
pedwavl,NO,2
pedwavr,IF ENTRY OF 2 IN BUS2 GOTO PUSCHCK,1
pedwavr,IF ENTRY OF 3 ON ABSRSN GOTO PUNLFCK1,2
pedwavr,"IF ENTRY OF 1 IN RET1 ,  STORE 1 IN DWWNTO AND GOTO PUDWCK4",3
pedwavr,ALL OTHERS GOTO PUDWWNT,4
pudwck2,IF ENTRY IN DIS1 OR DIS2 GOTO PUJHCK1 - C,1
pudwck2,IF ENTRY OF 4 IN DWWNT GOTO PUDIS1,2
pudwck2,IF ENTRY OF 5 IN DWWNT GOTO PUDIS2,3
pudwck2,ALL OTHERS GOTO PUDWCK4,4
pudwck3,IF AGERNG EQUALS 1 - 4 OR 9 GOTO PUDWCK4,1
pudwck3,ALL OTHERS GOTO PUNLFCK2,2
pudwck4,IF ENTRY OF 10 AND / OR 11 AND / OR 13 ONLY IN LKM1 - LKM3 GOTO PUDWCK5,1
pudwck4,IF ENTRY OF 10 AND / OR 11 AND / OR 13 ONLY IN LKDK1 - LKDK3 GOTO PUDWCK5,2
pudwck4,IF ENTRY OF 10 AND / OR 11 AND / OR 13 ONLY IN LKPS1 - LKPS3 GOTO PUDWCK5,3
pudwck4,ALL OTHERS GOTO PUDWRSN,4
pudwck5,IF ENTRY OF 1 IN LK THEN STORE 1 IN DWLKO AND GOTO PUDWWK,1
pudwck5,ALL OTHERS GOTO PUDWLK,2
pejhwko,YES,1
pejhwko,NO,2
pujhdp1o,YES,1
pujhdp1o,NO,2
pejhrsn,PERSONAL / FAMILY  ( INCLUDING PREGNANCY ),1
pejhrsn,RETURN TO SCHOOL,2
pejhrsn,HEALTH,3
pejhrsn,RETIREMENT OR OLD AGE,4
pejhrsn,"TEMP ,  SEASONAL OR INTERMITTENT JOB COMPLETE",5
pejhrsn,SLACK WORK / BUSINESS CONDITIONS,6
pejhrsn,"UNSATISFACTORY WORK ARRANGEMENTS  ( HRS ,  PAY ,  ETC .)",7
pejhrsn,OTHER  -  SPECIFY,8
pejhwant,"YES ,  OR IT DEPENDS",1
pejhwant,NO,2
pujhck1,"PURET1  =  1 , - 2 ,  OR  - 3 THEN GOTO NLFCK2",1
pujhck1,IF MISCK EQUALS 4 OR 8 THEN GOTO PUJHCK2,2
pujhck1,ALL OTHERS GOTO PUNLFCK1,3
pujhck2,"IF ENTRY OF 1 IN DWWK AND I - MLR =  3 ,  4 THEN STORE 1 IN JHWKO ,  STORE DW4WK IN JHDP1O AND GOTO PUJHRSN",1
pujhck2,"IF ENTRY OF 2 ,  D OR R IN DWWK THEN STORE DWWK IN JHWKO AND GOTO PUJHWANT",2
pujhck2,ALL OTHERS GOTO PUJHWK,3
prabsrea,FT PAID - VACATION,1
prabsrea,FT PAID - OWN ILLNESS,2
prabsrea,FT PAID - CHILD CARE PROBLEMS,3
prabsrea,FT PAID - OTHER FAMILY / PERSONAL OBLIG .,4
prabsrea,FT PAID - MATERNITY / PATERNITY LEAVE,5
prabsrea,FT PAID - LABOR DISPUTE,6
prabsrea,FT PAID - WEATHER AFFECTED JOB,7
prabsrea,FT PAID - SCHOOL / TRAINING,8
prabsrea,FT PAID - CIVIC / MILITARY DUTY,9
prabsrea,FT PAID - OTHER,10
prabsrea,FT UNPAID - VACATION,11
prabsrea,FT UNPAID - OWN ILLNESS,12
prabsrea,FT UNPAID - CHILD CARE PROBLEMS,13
prabsrea,FT UNPAID - OTHER FAM / PERSONAL OBLIGATION,14
prabsrea,FT UNPAID - MATERNITY / PATERNITY LEAVE,15
prabsrea,FT UNPAID - LABOR DISPUTE,16
prabsrea,FT UNPAID - WEATHER AFFECTED JOB,17
prabsrea,FT UNPAID - SCHOOL / TRAINING,18
prabsrea,FT UNPAID - CIVIC / MILITARY DUTY,19
prabsrea,FT UNPAID - OTHER,20
prabsrea,PT PAID - VACATION,21
prabsrea,PT PAID - OWN ILLNESS,22
prabsrea,PT PAID - CHILD CARE PROBLEMS,23
prabsrea,PT PAID - OTHER FAMILY / PERSONAL OBLIG .,24
prabsrea,PT PAID - MATERNITY / PATERNITY LEAVE,25
prabsrea,PT PAID - LABOR DISPUTE,26
prabsrea,PT PAID - WEATHER AFFECTED JOB,27
prabsrea,PT PAID - SCHOOL / TRAINING,28
prabsrea,PT PAID - CIVIC / MILITARY DUTY,29
prabsrea,PT PAID - OTHER,30
prabsrea,PT UNPAID - VACATION,31
prabsrea,PT UNPAID - OWN ILLNESS,32
prabsrea,PT UNPAID - CHILD CARE PROBLEMS,33
prabsrea,PT UNPAID - OTHER FAM / PERSONAL OBLIGATION,34
prabsrea,PT UNPAID - MATERNITY / PATERNITY LEAVE,35
prabsrea,PT UNPAID - LABOR DISPUTE,36
prabsrea,PT UNPAID - WEATHER AFFECTED JOB,37
prabsrea,PT UNPAID - SCHOOL / TRAINING,38
prabsrea,PT UNPAID - CIVIC / MILITARY DUTY,39
prabsrea,PT UNPAID - OTHER,40
prcivlf,IN CIVILIAN LABOR FORCE,1
prcivlf,NOT IN CIVILIAN LABOR FORCE,2
prdisc,DISCOURAGED WORKER,1
prdisc,CONDITIONALLY INTERESTED,2
prdisc,NOT AVAILABLE,3
premphrs,UNEMPLOYED AND NILF,0
premphrs,"W / JOB ,  NOT AT WORK - ILLNES",1
premphrs,"W / JOB ,  NOT AT WORK - VACATION",2
premphrs,"W / JOB ,  NOT AT WORK - WEATHER AFFECTED JOB",3
premphrs,"W / JOB ,  NOT AT WORK - LABOR DISPUTE",4
premphrs,"W / JOB ,  NOT AT WORK - CHILD CARE PROBLEMS",5
premphrs,"W / JOB ,  NOT AT WORK - FAM / PERS OBLIGATION",6
premphrs,"W / JOB ,  NOT AT WORK - MATERNITY / PATERNITY",7
premphrs,"W / JOB ,  NOT AT WORK - SCHOOL / TRAINING",8
premphrs,"W / JOB ,  NOT AT WORK - CIVIC / MILITARY DUTY",9
premphrs,"W / JOB ,  NOT AT WORK - DOES NOT WORK IN BUS",10
premphrs,"W / JOB ,  NOT AT WORK - OTHER",11
premphrs,AT WORK -  1 - 4 HRS,12
premphrs,AT WORK -  5 - 14 HRS,13
premphrs,AT WORK -  15 - 21 HRS,14
premphrs,AT WORK -  22 - 29 HRS,15
premphrs,AT WORK -  30 - 34 HRS,16
premphrs,AT WORK -  35 - 39 HRS,17
premphrs,AT WORK -  40 HRS,18
premphrs,AT WORK -  41 - 47 HRS,19
premphrs,AT WORK -  48 HRS,20
premphrs,AT WORK -  49 - 59 HRS,21
premphrs,AT WORK -  60 HRS OR MORE,22
prempnot,EMPLOYED,1
prempnot,UNEMPLOYED,2
prempnot,NOT IN LABOR FORCE  ( NILF )- discouraged,3
prempnot,NOT IN LABOR FORCE  ( NILF )- other,4
prexplf,EMPLOYED,1
prexplf,UNEMPLOYED,2
prftlf,FULL TIME LABOR FORCE,1
prftlf,PART TIME LABOR FORCE,2
prhrusl,0 - 20 HRS,1
prhrusl,21 - 34 HRS,2
prhrusl,35 - 39 HRS 4 40 HRS,3
prhrusl,41 - 49 HRS 6 50 OR MORE HRS,5
prhrusl,VARIES - FULL TIME,7
prhrusl,VARIES - PART TIME,8
prjobsea,"LOOKED LAST 12 MONTHS ,  SINCE COMPLETING PREVIOUS JOB",1
prjobsea,LOOKED AND WORKED IN THE LAST 4 WEEKS,2
prjobsea,LOOKED LAST 4 WEEKS  -  LAYOFF,3
prjobsea,UNAVAILABLE JOB SEEKERS,4
prjobsea,NO RECENT JOB SEARCH,5
prpthrs,"USUALLY FT ,  PT FOR NONECONOMIC REASONS",0
prpthrs,"USUALLY . FT ,  PT ECON REASONS ;  1 - 4 HRS",1
prpthrs,"USUALLY . FT ,  PT ECON REASONS ;  5 - 14 HRS",2
prpthrs,"USUALLY . FT ,  PT ECON REASONS ;  15 - 29 HRS",3
prpthrs,"USUALLY . FT ,  PT ECON REASONS ;  30 - 34 HRS",4
prpthrs,"USUALLY . PT ,  ECON REASONS ;  1 - 4 HRS",5
prpthrs,"USUALLY . PT ,  ECON REASONS ;  5 - 14 HRS",6
prpthrs,"USUALLY . PT ,  ECON REASONS ;  15 - 29 HRS",7
prpthrs,"USUALLY . PT ,  ECON REASONS ;  30 - 34 HRS",8
prpthrs,"USUALLY . PT ,  NON - ECON REASONS ;  1 - 4 HRS",9
prpthrs,"USUALLY . PT ,  NON - ECON REASONS ;  5 - 14 HRS",10
prpthrs,"USUALLY . PT ,  NON - ECON REASONS ;  15 - 29 HRS",11
prpthrs,"USUALLY . PT ,  NON - ECON REASONS ;  30 - 34 HRS",12
prptrea,USU .  FT - SLACK WORK / BUSINESS CONDITIONS,1
prptrea,USU .  FT - SEASONAL WORK,2
prptrea,USU .  FT - JOB STARTED / ENDED DURING WEEK,3
prptrea,USU .  FT - VACATION / PERSONAL DAY,4
prptrea,USU .  FT - OWN ILLNESS / INJURY / MEDICAL APPOINTMENT,5
prptrea,USU .  FT - HOLIDAY  ( RELIGIOUS OR LEGAL ),6
prptrea,USU .  FT - CHILD CARE PROBLEMS,7
prptrea,USU .  FT - OTHER FAM / PERS OBLIGATIONS,8
prptrea,USU .  FT - LABOR DISPUTE,9
prptrea,USU .  FT - WEATHER AFFECTED JOB,10
prptrea,USU .  FT - SCHOOL / TRAINING,11
prptrea,USU .  FT - CIVIC / MILITARY DUTY,12
prptrea,USU .  FT - OTHER REASON,13
prptrea,USU .  PT - SLACK WORK / BUSINESS CONDITIONS,14
prptrea,USU .  PT - COULD ONLY FIND PT WORK,15
prptrea,USU .  PT - SEASONAL WORK,16
prptrea,USU .  PT - CHILD CARE PROBLEMS,17
prptrea,USU .  PT - OTHER FAM / PERS OBLIGATIONS,18
prptrea,USU .  PT - HEALTH / MEDICAL LIMITATIONS,19
prptrea,USU .  PT - SCHOOL / TRAINING,20
prptrea,USU .  PT - RETIRED / S . S .  LIMIT ON EARNINGS,21
prptrea,USU .  PT - WORKWEEK  < 35 HOURS,22
prptrea,USU .  PT - OTHER REASON,23
prunedur,"MAX VALUE Topcoded consistent with PELAYDUR or PELKDUR , as appropriate ,  starting April 2011 . FILLER 2 410  -  411",119
pruntype,JOB LOSER / ON LAYOFF,1
pruntype,OTHER JOB LOSER,2
pruntype,TEMPORARY JOB ENDED,3
pruntype,JOB LEAVER,4
pruntype,RE - ENTRANT,5
pruntype,NEW - ENTRANT,6
prwksch,NOT IN LABOR FORCE,0
prwksch,AT WORK,1
prwksch,"WITH JOB ,  NOT AT WORK",2
prwksch,"UNEMPLOYED ,  SEEKS FT",3
prwksch,"UNEMPLOYED ,  SEEKS PT",4
prwkstat,NOT IN LABOR FORCE,1
prwkstat,"FT HOURS  ( 35 +),  USUALLY FT",2
prwkstat,"PT FOR ECONOMIC REASONS ,  USUALLY FT",3
prwkstat,"PT FOR NON - ECONOMIC REASONS ,  USUALLY FT",4
prwkstat,"NOT AT WORK ,  USUALLY FT",5
prwkstat,"PT HRS ,  USUALLY PT FOR ECONOMIC REASONS",6
prwkstat,"PT HRS ,  USUALLY PT FOR NON - ECONOMIC REASONS",7
prwkstat,"FT HOURS ,  USUALLY PT FOR ECONOMIC REASONS",8
prwkstat,"FT HOURS ,  USUALLY PT FOR NON - ECONOMIC",9
prwkstat,"NOT AT WORK ,  USUALLY PART - TIME",10
prwkstat,UNEMPLOYED FT,11
prwkstat,UNEMPLOYED PT,12
prwntjob,WANT A JOB,1
prwntjob,OTHER NOT IN LABOR FORCE,2
pujhck3,IF I - MLR EQ 3 OR 4 THEN GOTO PUJHDP1,1
pujhck3,ALL OTHERS GOTO PUJHRSN,2
pujhck4,"IF ENTRY OF 2 ,  D OR R IN PUDW4WK OR IN PUJHDP1O THEN GOTO PUJHCK5",1
pujhck4,IF ENTRY OF 1 IN PUDW4WK OR IN PUJHDP10 THEN GOTO PUIO1INT,2
pujhck4,IF I - MLR EQUALS 1 OR 2 AND ENTRY IN PUJHRSN THEN GOTO PUJHCK5,3
pujhck4,IF ENTRY IN PUJHRSN THEN GOTO PUIO1INT,4
pujhck4,ALL OTHERS GOTO PUNLFCK1,5
pujhck5,IF I - IO1ICR EQUALS 1 OR I - IO1OCR EQUALS 1 THEN GOTO PUIO1INT,1
pujhck5,ALL OTHERS GOTO PUIOCK5,2
puiodp1,YES,1
puiodp1,NO,2
puiodp2,YES,1
puiodp2,NO,2
puiodp3,YES,1
puiodp3,NO,2
peio1cow,GOVERNMENT  -  FEDERAL,1
peio1cow,GOVERNMENT  -  STATE,2
peio1cow,GOVERNMENT  -  LOCAL,3
peio1cow,"PRIVATE ,  FOR PROFIT",4
peio1cow,"PRIVATE ,  NONPROFIT",5
peio1cow,"SELF - EMPLOYED ,  INCORPORATED",6
peio1cow,"SELF - EMPLOYED ,  UNINCORPORATED",7
peio1cow,WITHOUT PAY,8
puio1mfg,MANUFACTURING,1
puio1mfg,RETAIL TRADE,2
puio1mfg,WHOLESALE TRADE,3
puio1mfg,SOMETHING ELSE,4
peio2cow,GOVERNMENT  -  FEDERAL,1
peio2cow,GOVERNMENT  -  STATE,2
peio2cow,GOVERNMENT  -  LOCAL,3
peio2cow,"PRIVATE ,  FOR PROFIT",4
peio2cow,"PRIVATE ,  NONPROFIT",5
peio2cow,"SELF - EMPLOYED ,  INCORPORATED",6
peio2cow,"SELF - EMPLOYED ,  UNINCORPORATED",7
peio2cow,WITHOUT PAY,8
puio2mfg,MANUFACTURING,1
puio2mfg,RETAIL TRADE,2
puio2mfg,WHOLESALE TRADE,3
puio2mfg,SOMETHING ELSE,4
puiock1,"IF  { MISCK EQ 1 OR 5 ) OR MISCK EQ 2 - 4 ,  6 - 8 AND I - MLR EQ 3 - 7 ) AND ENTRY OF 1 IN ABS }  THEN GOTO PUIO1INT",1
puiock1,"IF  ( MISCK EQ 1 OR 5 ) OR  {( MISCK EQ 2 - 4 ,  6 - 8 AND I - MLR EQ 3 - 7 ) AND  (  ENTRY OF 1 IN WK OR HRCK7 - C IS BLANK ,  1 - 3 )} GOTO PUIO1INT",2
puiock1,"IF I - IO1NAM IS D ,  R OR BLANK THEN GOTO PUIO1INT",3
puiock1,ALL OTHERS GOTO PUIODP1,4
puiock2,IF I - IO1ICR EQ 1 THEN GOTO PUIO1IND,1
puiock2,IF I - IO1OCR EQ 1 THEN GOTO PUIO1OCC,2
puiock2,ALL OTHERS GOTO PUIODP2,3
puiock3,"IF I - IO1OCC EQUALS D ,  R OR BLANK THEN GOTO PUIO1OCC",1
puiock3,"IF I - IO1DT1 IS D ,  R OR BLANK THEN GOTO PUIO1OCC",2
puiock3,ALL OTHERS GOTO PUIODP3,3
prioelg,NOT ELIGIBLE FOR EDIT,0
prioelg,ELIGIBLE FOR EDIT,1
pragna,AGRICULTURAL,1
pragna,NON - AGRICULTURAL,2
prcow1,FEDERAL GOVT,1
prcow1,STATE GOVT,2
prcow1,LOCAL GOVT,3
prcow1,PRIVATE  ( INCL .  SELF - EMPLOYED INCORP .),4
prcow1,"SELF - EMPLOYED ,  UNINCORP .",5
prcow1,WITHOUT PAY,6
prcow2,FEDERAL GOVT,1
prcow2,STATE GOVT,2
prcow2,LOCAL GOVT,3
prcow2,PRIVATE  ( INCL .  SELF - EMPLOYED INCORP .),4
prcow2,"SELF - EMPLOYED ,  UNINCORP .",5
prcow2,WITHOUT PAY,6
prcowpg,PRIVATE,1
prcowpg,GOVERNMENT,2
prdtcow1,"AGRI .,  WAGE  &  SALARY ,  PRIVATE",1
prdtcow1,"AGRI .,  WAGE  &  SALARY ,  GOVERNMENT",2
prdtcow1,"AGRI .,  SELF - EMPLOYED",3
prdtcow1,"AGRI .,  UNPAID",4
prdtcow1,"NONAG ,  WS ,  PRIVATE ,  PRIVATE HHLDS",5
prdtcow1,"NONAG ,  WS ,  PRIVATE ,  OTHER PRIVATE",6
prdtcow1,"NONAG ,  WS ,  GOVT ,  FEDERAL",7
prdtcow1,"NONAG ,  WS ,  GOVT ,  STATE",8
prdtcow1,"NONAG ,  WS ,  GOVT ,  LOCAL",9
prdtcow1,"NONAG ,  SELF - EMPLOYED",10
prdtcow1,"NONAG ,  UNPAID",11
prdtcow2,"AGRI .,  WAGE  &  SALARY ,  PRIVATE",1
prdtcow2,"AGRI .,  WAGE  &  SALARY ,  GOVERNMENT",2
prdtcow2,"AGRI .,  SELF - EMPLOYED",3
prdtcow2,"AGRI .,  UNPAID",4
prdtcow2,"NONAG ,  WS ,  PRIVATE ,  PRIVATE HHLDS",5
prdtcow2,"NONAG ,  WS ,  PRIVATE ,  OTHER PRIVATE",6
prdtcow2,"NONAG ,  WS ,  GOVT ,  FEDERAL",7
prdtcow2,"NONAG ,  WS ,  GOVT ,  STATE",8
prdtcow2,"NONAG ,  WS ,  GOVT ,  LOCAL",9
prdtcow2,"NONAG ,  SELF - EMPLOYED",10
prdtcow2,"NONAG ,  UNPAID",11
prdtind1,Agriculture,1
prdtind1,"Forestry ,  logging ,  fishing ,  and hunting",2
prdtind1,"Mining ,  quarrying ,  and oil and gas extraction",3
prdtind1,Construction,4
prdtind1,Nonmetallic mineral product manufacturing,5
prdtind1,Primary metals and fabricated metal products,6
prdtind1,Machinery manufacturing,7
prdtind1,Computer and electronic product manufacturing,8
prdtind1,"Electrical equipment ,  appliance manufacturing",9
prdtind1,Transportation equipment manufacturing,10
prdtind1,Wood products,11
prdtind1,Furniture and fixtures manufacturing,12
prdtind1,Miscellaneous and not specified manufacturing,13
prdtind1,Food manufacturing,14
prdtind1,Beverage and tobacco products,15
prdtind1,"Textile ,  apparel ,  and leather manufacturing",16
prdtind1,Paper and printing,17
prdtind1,Petroleum and coal products manufacturing,18
prdtind1,Chemical manufacturing,19
prdtind1,Plastics and rubber products,20
prdtind1,Wholesale trade,21
prdtind1,Retail trade,22
prdtind1,Transportation and warehousing,23
prdtind1,Utilities,24
prdtind1,Publishing industries  ( except internet ),25
prdtind1,Motion picture and sound recording industries,26
prdtind1,Broadcasting  ( except internet ),27
prdtind1,Internet publishing and broadcasting,28
prdtind1,Telecommunications,29
prdtind1,Internet service providers and data processing services,30
prdtind1,Other information services,31
prdtind1,Finance,32
prdtind1,Insurance,33
prdtind1,Real estate,34
prdtind1,Rental and leasing services,35
prdtind1,"Professional ,  scientific ,  and technical services",36
prdtind1,Management of companies and enterprises,37
prdtind1,Administrative and support services,38
prdtind1,Waste management and remediation services,39
prdtind1,Educational services,40
prdtind1,Hospitals,41
prdtind1,"Health care services ,  except hospitals",42
prdtind1,Social assistance services,43
prdtind1,"Arts ,  entertainment ,  and recreation",44
prdtind1,Accommodation,45
prdtind1,Food services and drinking places,46
prdtind1,Repair and maintenance,47
prdtind1,Personal and laundry services,48
prdtind1,Membership associations and organizations,49
prdtind1,Private households,50
prdtind1,Public administration,51
prdtind1,Armed forces,52
prdtind2,Agriculture,1
prdtind2,"Forestry ,  logging ,  fishing ,  and hunting",2
prdtind2,"Mining ,  quarrying ,  and oil and gas extraction",3
prdtind2,Construction,4
prdtind2,Nonmetallic mineral product manufacturing,5
prdtind2,Primary metals and fabricated metal products,6
prdtind2,Machinery manufacturing,7
prdtind2,Computer and electronic product manufacturing,8
prdtind2,"Electrical equipment ,  appliance manufacturing",9
prdtind2,Transportation equipment manufacturing,10
prdtind2,Wood products,11
prdtind2,Furniture and fixtures manufacturing,12
prdtind2,Miscellaneous and not specified manufacturing,13
prdtind2,Food manufacturing,14
prdtind2,Beverage and tobacco products,15
prdtind2,"Textile ,  apparel ,  and leather manufacturing",16
prdtind2,Paper and printing,17
prdtind2,Petroleum and coal products manufacturing,18
prdtind2,Chemical manufacturing,19
prdtind2,Plastics and rubber products,20
prdtind2,Wholesale trade,21
prdtind2,Retail trade,22
prdtind2,Transportation and warehousing,23
prdtind2,Utilities,24
prdtind2,Publishing industries  ( except internet ),25
prdtind2,Motion picture and sound recording industries,26
prdtind2,Broadcasting  ( except internet ),27
prdtind2,Internet publishing and broadcasting,28
prdtind2,Telecommunications,29
prdtind2,Internet service providers and data processing services,30
prdtind2,Other information services,31
prdtind2,Finance,32
prdtind2,Insurance,33
prdtind2,Real estate,34
prdtind2,Rental and leasing services,35
prdtind2,"Professional ,  scientific ,  and technical services",36
prdtind2,Management of companies and enterprises,37
prdtind2,Administrative and support services,38
prdtind2,Waste management and remediation services,39
prdtind2,Educational services,40
prdtind2,Hospitals,41
prdtind2,"Health care services ,  except hospitals",42
prdtind2,Social assistance services,43
prdtind2,"Arts ,  entertainment ,  and recreation",44
prdtind2,Accommodation,45
prdtind2,Food services and drinking places,46
prdtind2,Repair and maintenance,47
prdtind2,Personal and laundry services,48
prdtind2,Membership associations and organizations,49
prdtind2,Private households,50
prdtind2,Public administration,51
prdtind2,Armed forces,52
prdtocc1,Management occupations,1
prdtocc1,Business and financial operations occupations,2
prdtocc1,Computer and mathematical occupations,3
prdtocc1,Architecture and engineering occupations,4
prdtocc1,"Life ,  physical ,  and social science occupations",5
prdtocc1,Community and social service occupations,6
prdtocc1,Legal occupations,7
prdtocc1,Education instruction and library occupations,8
prdtocc1,"Arts ,  design ,  entertainment ,  sports ,  and media occupations",9
prdtocc1,Healthcare practitioner and technical occupations,10
prdtocc1,Healthcare support occupations,11
prdtocc1,Protective service occupations,12
prdtocc1,Food preparation and serving related occupations,13
prdtocc1,Building and grounds cleaning and maintenance occupations,14
prdtocc1,Personal care and service occupations,15
prdtocc1,Sales and related occupations,16
prdtocc1,Office and administrative support occupations,17
prdtocc1,"Farming ,  fishing ,  and forestry occupations",18
prdtocc1,Construction and extraction occupations,19
prdtocc1,"Installation ,  maintenance ,  and repair occupations",20
prdtocc1,Production occupations,21
prdtocc1,Transportation and material moving occupations,22
prdtocc1,Armed Forces,23
prdtocc2,Management occupations,1
prdtocc2,Business and financial operations occupations,2
prdtocc2,Computer and mathematical occupations,3
prdtocc2,Architecture and engineering occupations,4
prdtocc2,"Life ,  physical ,  and social science occupations",5
prdtocc2,Community and social service occupations,6
prdtocc2,Legal occupations,7
prdtocc2,Education instruction and library occupations,8
prdtocc2,"Arts ,  design ,  entertainment ,  sports ,  and media occupations",9
prdtocc2,Healthcare practitioner and technical occupations,10
prdtocc2,Healthcare support occupations,11
prdtocc2,Protective service occupations,12
prdtocc2,Food preparation and serving related occupations,13
prdtocc2,Building and grounds cleaning and maintenance occupations,14
prdtocc2,Personal care and service occupations,15
prdtocc2,Sales and related occupations,16
prdtocc2,Office and administrative support occupations,17
prdtocc2,"Farming ,  fishing ,  and forestry occupations",18
prdtocc2,Construction and extraction occupations,19
prdtocc2,"Installation ,  maintenance ,  and repair occupations",20
prdtocc2,Production occupations,21
prdtocc2,Transportation and material moving occupations,22
prdtocc2,Armed Forces,23
premp,EMPLOYED PERSONS  ( EXC .  FARM  &  PRIV HH ),1
prmjind1,"Agriculture ,  forestry ,  fishing ,  and hunting",1
prmjind1,Mining,2
prmjind1,Construction,3
prmjind1,Manufacturing,4
prmjind1,Wholesale and retail trade,5
prmjind1,Transportation and utilities,6
prmjind1,Information,7
prmjind1,Financial activities,8
prmjind1,Professional and business services,9
prmjind1,Educational and health services,10
prmjind1,Leisure and hospitality,11
prmjind1,Other services,12
prmjind1,Public administration,13
prmjind1,Armed Forces,14
prmjind2,"Agriculture ,  forestry ,  fishing ,  and hunting",1
prmjind2,Mining,2
prmjind2,Construction,3
prmjind2,Manufacturing,4
prmjind2,Wholesale and retail trade,5
prmjind2,Transportation and utilities,6
prmjind2,Information,7
prmjind2,Financial activities,8
prmjind2,Professional and business services,9
prmjind2,Educational and health services,10
prmjind2,Leisure and hospitality,11
prmjind2,Other services,12
prmjind2,Public administration,13
prmjind2,Armed Forces,14
prmjocc1,"Management ,  business ,  and financial occupations",1
prmjocc1,Professional and related occupations,2
prmjocc1,Service occupations,3
prmjocc1,Sales and related occupations,4
prmjocc1,Office and administrative support occupations,5
prmjocc1,"Farming ,  fishing ,  and forestry occupations",6
prmjocc1,Construction and extraction occupations,7
prmjocc1,"Installation ,  maintenance ,  and repair occupations",8
prmjocc1,Production occupations,9
prmjocc1,Transportation and material moving occupations,10
prmjocc1,Armed Forces,11
prmjocc2,"Management ,  business ,  and financial occupations",1
prmjocc2,Professional and related occupations,2
prmjocc2,Service occupations,3
prmjocc2,Sales and related occupations,4
prmjocc2,Office and administrative support occupations,5
prmjocc2,"Farming ,  fishing ,  and forestry occupations",6
prmjocc2,Construction and extraction occupations,7
prmjocc2,"Installation ,  maintenance ,  and repair occupations",8
prmjocc2,Production occupations,9
prmjocc2,Transportation and material moving occupations,10
prmjocc2,Armed Forces,11
prmjocgr,"Management ,  professional ,  and related occupations",1
prmjocgr,Service occupations,2
prmjocgr,Sales and office occupations,3
prmjocgr,"Farming ,  fishing ,  and forestry occupations",4
prmjocgr,"Construction ,  and maintenance occupations",5
prmjocgr,"Production ,  transportation ,  and material moving occupations",6
prmjocgr,Armed Forces,7
prnagpws,NON - AG PRIV WAGE  &  SALARY NON - AGRICULTURE WAGE AND SALARY WORKERS RECODE,1
prnagws,NON - AG WAGE AND SALARY WORKERS SINGLE / MULTIPLE JOBHOLDER RECODE,1
prsjms,SINGLE JOBHOLDER,1
prsjms,MULTIPLE JOBHOLDER,2
prerelg,NOT ELIGIBLE FOR EDIT,0
prerelg,ELIGIBLE FOR EDIT,1
peernuot,YES,1
peernuot,NO,2
peernper,HOURLY,1
peernper,WEEKLY,2
peernper,BI - WEEKLY,3
peernper,TWICE MONTHLY,4
peernper,MONTHLY,5
peernper,ANNUALLY,6
peernper,OTHER    SPECIFY,7
peernrt,YES,1
peernrt,NO,2
peernhry,HOURLY WORKER,1
peernhry,NONHOURLY WORKER,2
pternh1c,MAX VALUE  ( Subject to topcoding based on the entry in PEERNHRO such that PEERNHRO x PUERNHIC  <  or  =  2884 . 61 ),9999
pternh2,MAX VALUE  ( Subject to topcoding based on the in PEERNHRO such that PEERNHRO x PTERNH2  <  or  =  2884 . 61 ),9999
pternh1o,MAX VALUE  ( Subject to topcoding based on the entry in PEERNHRO such that PEERNHRO x PEERNHLY  <  or  =  2884 . 61 ),9999
pternhly,IMPLIED DECIMALS,2
pternhly,MAX VALUE  ( Subject to topcoding based on the entry in PEERNHRO such that PEERNHRO x PEERNHLY  <  or  =  2884 . 61 ),9999
pthr,NOT TOPCODED,0
pthr,TOPCODED,1
pternwa,IMPLIED DECIMALS,2
ptwk,NOT TOPCODED,0
ptwk,MINIMUM WAGE FLAG FILLER 2 538  -  539,1
ptern,IMPLIED DECIMALS,2
ptern2,IMPLIED DECIMALS,2
ptot,NOT TOPCODED,0
ptot,TOPCODED FILLER 2 557  -  558,1
peernlab,YES,1
peernlab,NO,2
peerncov,YES,1
peerncov,NO,2
penlfjh,YES,1
penlfjh,NO,2
penlfjh,NEVER WORKED PENLFRET 2 ARE YOU RETIRED FROM A JOB 567  -  568 OR BUSINESS ?,3
penlfact,DISABLED,1
penlfact,ILL,2
penlfact,IN SCHOOL,3
penlfact,TAKING CARE OF HOUSE OR FAMILY,4
penlfact,IN RETIREMENT,5
penlfact,SOMETHING ELSE / OTHER,6
punlfck1,IF AGERNG EQUALS 1 - 4 OR 9 THEN GOTO NLFACT,1
punlfck1,ALL OTHERS GOT NLFRET,2
punlfck2,IF MISCK EQUALS 4 OR 8 THEN GOTO NLFJH,1
punlfck2,ALL OTHERS GOTO LBFR - END,2
peschenr,YES,1
peschenr,NO,2
peschft,FULL - TIME,1
peschft,PART - TIME,2
peschlvl,HIGH SCHOOL,1
peschlvl,COLLEGE OR UNIVERSITY,2
prnlfsch,IN SCHOOL,1
prnlfsch,NOT IN SCHOOL PERSON ' S WEIGHTS,2
prchld,No own children under 18 years of age,0
prchld,All own children 0 -  2 years of age,1
prchld,All own children 3 -  5 years of age,2
prchld,All own children 6 - 13 years of age,3
prchld,All own children 14 - 17 years of age,4
prchld,Own children 0 -  2 and 3 -  5 years of age  ( none 6 - 17 ),5
prchld,Own children 0 -  2 and 6 - 13 years of age  ( none 3 -  5 or 14 - 17 ),6
prchld,Own children 0 -  2 and 14 - 17 years of age  ( none 3 - 13 ),7
prchld,Own children 3 -  5 and 6 - 13 years of age  ( none 0 -  2 or 14 - 17 ),8
prchld,Own children 3 -  5 and 14 - 17 years of age  ( none 0 -  2 or 6 - 13 ),9
prchld,Own children 6 - 13 and 14 - 17 years of age  ( none 0 -  5 ),10
prchld,"Own children 0 -  2 ,   3 -  5 ,  and 6 - 13 years of age  ( none 14 - 17 )",11
prchld,"Own children 0 -  2 ,   3 -  5 ,  and 14 - 17 years of age  ( none 6 - 13 )",12
prchld,"Own children 0 -  2 ,   6 - 13 ,  and 14 - 17 years of age  ( none 3 -  5 )",13
prchld,"Own children 3 -  5 ,   6 - 13 ,  and 14 - 17 years of age  ( none 0 -  2 )",14
prchld,Own children from all age groups,15
prnmchld,VALUE NO CHANGE,0
prnmchld,BLANK NO CHANGE,1
prnmchld,DON ' T KNOW NO CHANGE,2
prnmchld,REFUSED NO CHANGE,3
prnmchld,VALUE TO VALUE,10
prnmchld,BLANK TO VALUE,11
prnmchld,DON ' T KNOW TO VALUE,12
prnmchld,REFUSED TO VALUE,13
prnmchld,VALUE TO LONGITUDINAL VALUE,20
prnmchld,BLANK TO LONGITUDINAL VALUE,21
prnmchld,DON ' T KNOW TO LONGITUDINAL VALUE,22
prnmchld,REFUSED TO LONGITUDINAL VALUE,23
prnmchld,VALUE TO ALLOCATED VALUE LONG .,30
prnmchld,BLANK TO ALLOCATED VALUE LONG .,31
prnmchld,DON ' T KNOW TO ALLOCATED VALUE LONG .,32
prnmchld,REFUSED TO ALLOCATED VALUE LONG .,33
prnmchld,VALUE TO ALLOCATED VALUE,40
prnmchld,BLANK TO ALLOCATED VALUE,41
prnmchld,DON ' T KNOW TO ALLOCATED VALUE,42
prnmchld,REFUSED TO ALLOCATED VALUE,43
prnmchld,VALUE TO BLANK,50
prnmchld,DON ' T KNOW TO BLANK,52
prnmchld,REFUSED TO BLANK,53
prwernal,NO ALLOCATION,0
prwernal,ONE OR MORE COMPONENTS OF THE RECODE ARE ALLOCATED,1
prhernal,NO ALLOCATION,0
prhernal,ONE OR MORE COMPONENT OF THE RECODE ARE ALLOCATED,1
pedipged,Graduation from high school,1
pedipged,GED or other equivalent,2
pehgcomp,Less than 1st grade,1
pehgcomp,"1st ,  2nd ,  3rd ,  or 4th grade",2
pehgcomp,5th or 6th grade,3
pehgcomp,7th or 8th grade,4
pehgcomp,9th grade,5
pehgcomp,10th grade,6
pehgcomp,11th grade,7
pehgcomp,12th grade  ( no diploma ),8
pecyc,Less than 1 year  ( includes 0 years completed ),1
pecyc,The first or Freshman year,2
pecyc,The second or Sophomore year,3
pecyc,The third or Junior year,4
pecyc,Four or more years,5
primind1,"AGRICULTURE ,  FORESTRY ,  FISHING ,  and HUNTING",1
primind1,MINING,2
primind1,CONSTRUCTION,3
primind1,MANUFACTURING  -  DURABLE GOODS,4
primind1,MANUFACTURING  -  NON - DURABLE GOODS,5
primind1,WHOLESALE TRADE,6
primind1,RETAIL TRADE,7
primind1,TRANSPORTATION AND WAREHOUSING,8
primind1,UTILITIES,9
primind1,INFORMATION,10
primind1,FINANCE AND INSURANCE,11
primind1,REAL ESTATE AND RENTAL AND LEASING,12
primind1,PROFESSIONAL SCIENTIFIC AND TECHNICAL SERVICES,13
primind1,"MANAGEMENT ,  ADMINISTRATIVE AND WASTE MANAGEMENT SERVICES",14
primind1,EDUCATIONAL SERVICES,15
primind1,HEALTH CARE AND SOCIAL ASSISTANCE SERVICES,16
primind1,"ARTS ,  ENTERTAINMENT ,  AND RECREATION",17
primind1,ACCOMMODATION AND FOOD SERVICES,18
primind1,PRIVATE HOUSEHOLDS,19
primind1,"OTHER SERVICES ,  EXCEPT PRIVATE HOUSEHOLDS",20
primind1,PUBLIC ADMINISTRATION,21
primind1,ARMED FORCES,22
primind2,"AGRICULTURE ,  FORESTRY ,  FISHING ,  and HUNTING",1
primind2,MINING,2
primind2,CONSTRUCTION,3
primind2,MANUFACTURING  -  DURABLE GOODS,4
primind2,MANUFACTURING  -  NON - DURABLE GOODS,5
primind2,WHOLESALE TRADE,6
primind2,RETAIL TRADE,7
primind2,TRANSPORTATION AND WAREHOUSING,8
primind2,UTILITIES,9
primind2,INFORMATION,10
primind2,FINANCE AND INSURANCE,11
primind2,REAL ESTATE AND RENTAL AND LEASING,12
primind2,"PROFESSIONAL ,  SCIENTIFIC AND TECHNICAL SERVICES",13
primind2,"MANAGEMENT ,  ADMINISTRATIVE AND WASTE MANAGEMENT SERVICES",14
primind2,EDUCATIONAL SERVICES,15
primind2,HEALTH CARE AND SOCIAL ASSISTANCE SERVICES,16
primind2,"ARTS ,  ENTERTAINMENT ,  AND RECREATION",17
primind2,ACCOMMODATION AND FOOD SERVICES,18
primind2,PRIVATE HOUSEHOLDS,19
primind2,"OTHER SERVICES ,  EXCEPT PRIVATE HOUSEHOLDS",20
primind2,PUBLIC ADMINISTRATION,21
primind2,ARMED FORCES,22
peafwhn1,SEPTEMBER 2001 OR LATER,1
peafwhn1,AUGUST 1990 TO AUGUST 2001,2
peafwhn1,MAY 1975 TO JULY 1990,3
peafwhn1,VIETNAM ERA  ( AUGUST 1964 TO APRIL 1975 ),4
peafwhn1,FEBRUARY 1955 TO JULY 1964,5
peafwhn1,KOREAN WAR  ( JULY 1950 TO JANUARY 1955 ),6
peafwhn1,JANUARY 1947 TO JUNE 1950,7
peafwhn1,WORLD WAR II  ( DECEMBER 1941 TO DECEMBER 1946 ),8
peafwhn1,NOVEMBER 1941 OR EARLIER,9
peafwhn2,SEPTEMBER 2001 OR LATER,1
peafwhn2,AUGUST 1990 TO AUGUST 2001,2
peafwhn2,MAY 1975 TO JULY 1990,3
peafwhn2,VIETNAM ERA  ( AUGUST 1964 TO APRIL 1975 ),4
peafwhn2,FEBRUARY 1955 TO JULY 1964,5
peafwhn2,KOREAN WAR  ( JULY 1950 TO JANUARY 1955 ),6
peafwhn2,JANUARY 1947 TO JUNE 1950,7
peafwhn2,WORLD WAR II  ( DECEMBER 1941 TO DECEMBER 1946 ),8
peafwhn2,NOVEMBER 1941 OR EARLIER,9
peafwhn3,SEPTEMBER 2001 OR LATER,1
peafwhn3,AUGUST 1990 TO AUGUST 2001,2
peafwhn3,MAY 1975 TO JULY 1990,3
peafwhn3,VIETNAM ERA  ( AUGUST 1964 TO APRIL 1975 ),4
peafwhn3,FEBRUARY 1955 TO JULY 1964,5
peafwhn3,KOREAN WAR  ( JULY 1950 TO JANUARY 1955 ),6
peafwhn3,JANUARY 1947 TO JUNE 1950,7
peafwhn3,WORLD WAR II  ( DECEMBER 1941 TO DECEMBER 1946 ),8
peafwhn3,NOVEMBER 1941 OR EARLIER,9
peafwhn4,SEPTEMBER 2001 OR LATER,1
peafwhn4,AUGUST 1990 TO AUGUST 2001,2
peafwhn4,MAY 1975 TO JULY 1990,3
peafwhn4,VIETNAM ERA  ( AUGUST 1964 TO APRIL 1975 ),4
peafwhn4,FEBRUARY 1955 TO JULY 1964,5
peafwhn4,KOREAN WAR  ( JULY 1950 TO JANUARY 1955 ),6
peafwhn4,JANUARY 1947 TO JUNE 1950,7
peafwhn4,WORLD WAR II  ( DECEMBER 1941 TO DECEMBER 1946 ),8
peafwhn4,NOVEMBER 1941 OR EARLIER,9
pepar2typ,BIOLOGICAL,1
pepar2typ,STEP,2
pepar2typ,ADOPTED,3
pepar1typ,BIOLOGICAL,1
pepar1typ,STEP,2
pepar1typ,ADOPTED,3
pedisear,Yes,1
pedisear,No,2
pediseye,Yes,1
pediseye,No,2
pedisrem,Yes,1
pedisrem,No,2
pedisphy,Yes,1
pedisphy,No,2
pedisdrs,Yes,1
pedisdrs,No,2
pedisout,Yes,1
pedisout,No,2
prdisflg,Yes,1
prdisflg,No,2
prdasian,Asian Indian,1
prdasian,Chinese,2
prdasian,Filipino,3
prdasian,Japanese,4
prdasian,Korean,5
prdasian,Vietnamese,6
prdasian,Other,7
ptnmemp2,Yes,1
ptnmemp2,No PECERT3 2 EARLIER YOU TOLD ME THAT YOU HAD 948 - 949 A CURRENTLY ACTIVE PROFESSIONAL CERTIFICATION OR LICENSE .   IS YOUR CERTIFICATION OR LICENSE REQUIRED FOR YOUR a )  JOB ? b )  MAIN JOB ? c )  JOB FROM WHICH YOU ARE OF LAYOFF ? d )  JOB AT WHICH YOU LAST WORKED ?,2
